{"epoch": 0, "accuracy": 0.7916666666666667, "val_accuracy": 0.7531531531531532, "loss": 0.6602935194969177, "val_loss": 0.7148640155792236, "current_stage": "head", "_timestamp": 1662232580.6024072, "_runtime": 888.165815114975, "_step": 0}